Model,Window,K,Time(s)
Random Forest,1,130,28.246870279312134
Random Forest,4,129,109.17567133903503
Random Forest,3,134,156.27114701271057
Random Forest,2,82,133.64305138587952
